{"build": {"documentation_patterns": [], "directory_name": "", "display_name": "", "destination": "-dists", "renpy": false, "allow_integrated_gpu": true, "include_update": false, "base_patterns": [["*.py", null], ["*.sh", null], ["*.app/", null], ["*.dll", null], ["*.manifest", null], ["lib/", null], ["renpy/", null], ["update/", null], ["common/", null], ["update/", null], ["icon.ico", null], ["icon.icns", null], ["project.json", null], ["log.txt", null], ["errors.txt", null], ["traceback.txt", null], ["image_cache.txt", null], ["text_overflow.txt", null], ["dialogue.txt", null], ["dialogue.tab", null], ["profile_screen.txt", null], ["tmp/", null], ["game/saves/", null], ["game/bytecode.rpyb", null], ["archived/", null], ["launcherinfo.py", null], ["android.txt", null], [".android.json", ["android"]], ["android-icon.png", ["android"]], ["android-presplash.*", ["android"]], ["android-*-icon.png", ["android"]], ["android-*-presplash.*", ["android"]], ["ouya_icon.png", ["android"]], ["ios-presplash.*", ["ios"]], [".*", null], ["**", ["all"]]], "version": "", "archives": [["archive", ["all"]]], "xbit_patterns": ["**.sh", "**/*.so.*", "**/*.so", "**/*.dylib", "**.app/Contents/MacOS/*", "lib/**/python", "lib/**/pythonw", "lib/**/zsync", "lib/**/zsyncmake"], "exclude_empty_directories": true, "renpy_patterns": [["**~", null], ["**/#*", null], ["**/.*", null], ["**.old", null], ["**.new", null], ["**.rpa", null], ["**/*.pyc", null], ["renpy.py", ["renpy"]], ["renpy/", ["all"]], ["renpy/common/", ["all"]], ["renpy/common/_compat/**", ["renpy"]], ["renpy/common/**.rpy", ["renpy"]], ["renpy/common/**.rpym", ["renpy"]], ["renpy/common/_compat/**", ["renpy"]], ["renpy/common/**", ["all"]], ["renpy/**", ["renpy"]], ["lib/*/renpy", null], ["lib/*/renpy.exe", null], ["lib/windows-i686/**", ["windows"]], ["lib/linux-x86_64/**", ["linux"]], ["lib/linux-i686/**", ["linux"]], ["lib/darwin-x86_64/**", ["mac"]], ["/lib/**", ["windows", "linux", "mac"]], ["renpy.sh", ["linux", "mac"]]], "packages": [{"dlc": false, "hidden": false, "description": "All Desktop Platforms", "formats": ["zip"], "file_lists": ["windows", "mac", "linux", "renpy", "all"], "update": true, "name": "all"}, {"dlc": false, "hidden": false, "description": "Linux x86/x86_64", "formats": ["tar.bz2"], "file_lists": ["linux", "renpy", "all"], "update": true, "name": "linux"}, {"dlc": false, "hidden": false, "description": "Macintosh x86", "formats": ["app-zip"], "file_lists": ["mac", "renpy", "all"], "update": true, "name": "mac"}, {"dlc": false, "hidden": false, "description": "Windows x86", "formats": ["zip"], "file_lists": ["windows", "renpy", "all"], "update": true, "name": "win"}, {"dlc": true, "hidden": true, "description": "android", "formats": ["directory"], "file_lists": ["android", "renpy", "all"], "update": false, "name": "android"}, {"dlc": true, "hidden": true, "description": "ios", "formats": ["directory"], "file_lists": ["ios", "renpy", "all"], "update": false, "name": "ios"}], "executable_name": ""}, "location": {"callable": {}, "screen": {"load": ["game/screens.rpy", 301], "save": ["game/screens.rpy", 289], "preferences": ["game/screens.rpy", 348], "yesno_prompt": ["game/screens.rpy", 410], "choice": ["game/screens.rpy", 67], "load_save_slot": ["game/screens.rpy", 320], "say": ["game/screens.rpy", 9], "file_picker": ["game/screens.rpy", 239], "input": ["game/screens.rpy", 110], "main_menu": ["game/screens.rpy", 177], "nvl": ["game/screens.rpy", 126], "navigation": ["game/screens.rpy", 207], "quick_menu": ["game/screens.rpy", 452]}, "define": {"me": ["game/script.rpy", 19], "d": ["game/script.rpy", 14], "n": ["game/script.rpy", 10]}, "transform": {"buttonfade": ["game/screens.rpy", 472]}, "label": {"start": ["game/script.rpy", 57], "splashscreen": ["game/script.rpy", 33]}}, "error": false}